<?xml version="1.0" encoding="ISO-8859-1"?>
<Ui>
	<Script file="UnitBuff.lua"/>
	<Frame name="BuffTemplate" virtual="true" hidden="true" enableMouse="true">
		<Size>
			<AbsDimension x="32" y="42"/>
		</Size>
		<Scripts>
			<OnLoad>
				this.DurationText:SetFont("Fonts/CalibriBold.ttf", 10, "BOLD THINOUTLINE");
			</OnLoad>
		</Scripts>
		<Frames>
			<Frame name="$parentIcon" hidden="false">
				<Size>
					<AbsDimension x="32" y="32"/>
				</Size>
				<Anchors>
					<Anchor point="TOP" relativePoint="TOP">
						<Offset>
							<AbsDimension x="0" y="0"/>
						</Offset>
					</Anchor>
				</Anchors>
				<Backdrop edgeFile="Interface/BaseUI/BaseUI_ActionBar/ui_action_button_edge.png" tile="false">
					<EdgeSize>
						<AbsValue val="16"/>
					</EdgeSize>
					<BackgroundInsets>
						<AbsInset left="1" right="1" top="1" bottom="1"/>
					</BackgroundInsets>
				</Backdrop>
				<Layers>
					<Layer level="ARTWORK">
						<FontString name="$parentCountText" font="Fonts/CalibriBold.ttf" outline="THIN">
							<Size>
								<AbsDimension x="13" y="13"/>
							</Size>
							<Anchors>
								<Anchor point="BOTTOMRIGHT" relativePoint="BOTTOMRIGHT">
									<Offset>
										<AbsDimension x="0" y="3"/>
									</Offset>
								</Anchor>
							</Anchors>
							<FontHeight>
								<AbsValue val="13"/>
							</FontHeight>
							<Color r="1" g="1" b="1"/>
							<Shadow>
								<Offset>
									<AbsDimension x="1.2" y="-1.2"/>
								</Offset>
								<Color r="0" g="0" b="0"/>
							</Shadow>
						</FontString>	
					</Layer>
				</Layers>
			</Frame>
		</Frames>
		<Layers>
			<Layer level="ARTWORK">
				<FontString name="$parentDurationText" font="Fonts/CalibriBold.ttf" justifyH="CENTER">
					<Size>
						<AbsDimension x="32" y="13"/>
					</Size>
					<Anchors>
						<Anchor point="TOP" relativePoint="BOTTOM">
							<Offset>
								<AbsDimension x="0" y="13"/>
							</Offset>
						</Anchor>
					</Anchors>
					<FontHeight>
						<AbsValue val="12"/>
					</FontHeight>
					<Color r="1" g="1" b="1"/>
					<Shadow>
						<Offset>
							<AbsDimension x="1.2" y="-1.2"/>
						</Offset>
						<Color r="0" g="0" b="0"/>
					</Shadow>
				</FontString>
			</Layer>
		</Layers>
	</Frame>
	<Frame name="UnitBuff" parent="UIParent" hidden="false">
		<Size>
            <AbsDimension x="350" y="70"/>
        </Size>
		<Anchors>
			<Anchor point="TOPRIGHT" relativePoint="TOPRIGHT">
				<Offset>
					<AbsDimension x="-10" y="-10"/>
				</Offset>
			</Anchor>
		</Anchors>
		<Scripts>
			<OnUpdate>
				BUI_UnitBuff_OnUpdate();
			</OnUpdate>
		</Scripts>
		<Frames>
			<Frame name="$parentB1" inherits="BuffTemplate">
				<Anchors>
					<Anchor point="TOPRIGHT" relativePoint="TOPRIGHT"/>
				</Anchors>
			</Frame>
			<Frame name="$parentB2" inherits="BuffTemplate">
				<Anchors>
					<Anchor point="TOPRIGHT" relativeTo="$parentB1" relativePoint="TOPLEFT"/>
				</Anchors>
			</Frame>
			<Frame name="$parentB3" inherits="BuffTemplate">
				<Anchors>
					<Anchor point="TOPRIGHT" relativeTo="$parentB2" relativePoint="TOPLEFT"/>
				</Anchors>
			</Frame>
			<Frame name="$parentB4" inherits="BuffTemplate">
				<Anchors>
					<Anchor point="TOPRIGHT" relativeTo="$parentB3" relativePoint="TOPLEFT"/>
				</Anchors>
			</Frame>
			<Frame name="$parentB5" inherits="BuffTemplate">
				<Anchors>
					<Anchor point="TOPRIGHT" relativeTo="$parentB4" relativePoint="TOPLEFT"/>
				</Anchors>
			</Frame>
			<Frame name="$parentB6" inherits="BuffTemplate">
				<Anchors>
					<Anchor point="TOPRIGHT" relativeTo="$parentB5" relativePoint="TOPLEFT"/>
				</Anchors>
			</Frame>
			<Frame name="$parentB7" inherits="BuffTemplate">
				<Anchors>
					<Anchor point="TOPRIGHT" relativeTo="$parentB6" relativePoint="TOPLEFT"/>
				</Anchors>
			</Frame>
			<Frame name="$parentB8" inherits="BuffTemplate">
				<Anchors>
					<Anchor point="TOPRIGHT" relativeTo="$parentB7" relativePoint="TOPLEFT"/>
				</Anchors>
			</Frame>
			<Frame name="$parentB9" inherits="BuffTemplate">
				<Anchors>
					<Anchor point="TOPRIGHT" relativeTo="$parentB8" relativePoint="TOPLEFT"/>
				</Anchors>
			</Frame>
			<Frame name="$parentB10" inherits="BuffTemplate">
				<Anchors>
					<Anchor point="TOPRIGHT" relativeTo="$parentB9" relativePoint="TOPLEFT"/>
				</Anchors>
			</Frame>
		</Frames>
	</Frame>
</Ui>