<Shaders>
    <#[SPECULAR]>
        <VertexShader name="Terrain_Specular" file="Shaders/Terrain/Terrain_Specular_vs">
            <Params>
                <LightParams number="5" includeDirectional="true"/>
                <AutoParam name="mAmbient"/>
                <AutoParam name="mWorldViewProj"/>
                <AutoParam name="mWorld"/>
                <AutoParam name="mCamPos"/>
                <AutoParam name="mTexCoordMat" param="texture_matrix" data="0"/>
            </Params>
            <#[MOTION_BLUR]>
                <PreProcessor>
                    <Directive variable="MOTION_BLUR"/>
                </PreProcessor>
            </#>
        </VertexShader>
        <PixelShader name="Terrain_Specular" file="Shaders/Terrain/Terrain_Specular_ps">
            <TextureBinds>
                <TextureBind name="mTexture"  id="0"/>
                <TextureBind name="mTextureS" id="1"/>
            </TextureBinds>
            <#[MOTION_BLUR]>
                <PreProcessor>
                    <Directive variable="MOTION_BLUR"/>
                </PreProcessor>
            </#>
        </PixelShader>
    </#>
    
    <VertexShader name="Terrain_Splatting_2" file="Shaders/Terrain/Terrain_Splatting_vs">
        <Params>
            <LightParams number="5" includeDirectional="true"/>
            <AutoParam name="mAmbient"/>
            <AutoParam name="mWorldViewProj"/>
            <AutoParam name="mWorld"/>
            <AutoParam name="mTexCoordMat1" param="texture_matrix" data="1"/>
            
            <#[SPECULAR]>
                <AutoParam name="mCamPos"/>
                <AutoParam name="mTexCoordMat2" param="texture_matrix" data="3"/>
            </#>
            <#[!SPECULAR]>
                <AutoParam name="mTexCoordMat2" param="texture_matrix" data="2"/>
            </#>
        </Params>
        <PreProcessor>
            <Directive variable="LAYER" value="2"/>
            <#[SPECULAR]>
                <Directive variable="SPECULAR"/>
            </#>
            <#[MOTION_BLUR]>
                <Directive variable="MOTION_BLUR"/>
            </#>
        </PreProcessor>
    </VertexShader>
    <PixelShader name="Terrain_Splatting_2" file="Shaders/Terrain/Terrain_Splatting_ps">
        <TextureBinds>
            <TextureBind name="mMask"     id="0"/>
            <TextureBind name="mTexture1" id="1"/>
            
            <#[SPECULAR]>
                <TextureBind name="mTexture1S" id="2"/>
                <TextureBind name="mTexture2"  id="3"/>
                <TextureBind name="mTexture2S" id="4"/>
            </#>
            <#[!SPECULAR]>
                <TextureBind name="mTexture2"  id="2"/>
            </#>
        </TextureBinds>
        <PreProcessor>
            <Directive variable="LAYER" value="3"/>
            <#[SPECULAR]>
                <Directive variable="SPECULAR"/>
            </#>
            <#[MOTION_BLUR]>
                <Directive variable="MOTION_BLUR"/>
            </#>
        </PreProcessor>
    </PixelShader>
    
    <VertexShader name="Terrain_Splatting_3" file="Shaders/Terrain/Terrain_Splatting_vs">
        <Params>
            <LightParams number="5" includeDirectional="true"/>
            <AutoParam name="mAmbient"/>
            <AutoParam name="mWorldViewProj"/>
            <AutoParam name="mWorld"/>
            <AutoParam name="mTexCoordMat1" param="texture_matrix" data="1"/>
            
            <#[SPECULAR]>
                <AutoParam name="mCamPos"/>
                <AutoParam name="mTexCoordMat2" param="texture_matrix" data="3"/>
                <AutoParam name="mTexCoordMat3" param="texture_matrix" data="5"/>
            </#>
            <#[!SPECULAR]>
                <AutoParam name="mTexCoordMat2" param="texture_matrix" data="2"/>
                <AutoParam name="mTexCoordMat3" param="texture_matrix" data="3"/>
            </#>
        </Params>
        <PreProcessor>
            <Directive variable="LAYER" value="3"/>
            <#[SPECULAR]>
                <Directive variable="SPECULAR"/>
            </#>
            <#[MOTION_BLUR]>
                <Directive variable="MOTION_BLUR"/>
            </#>
        </PreProcessor>
    </VertexShader>
    <PixelShader name="Terrain_Splatting_3" file="Shaders/Terrain/Terrain_Splatting_ps">
        <TextureBinds>
            <TextureBind name="mMask"     id="0"/>
            <TextureBind name="mTexture1" id="1"/>
            
            <#[SPECULAR]>
                <TextureBind name="mTexture1S" id="2"/>
                <TextureBind name="mTexture2"  id="3"/>
                <TextureBind name="mTexture2S" id="4"/>
                <TextureBind name="mTexture3"  id="5"/>
                <TextureBind name="mTexture3S" id="6"/>
            </#>
            <#[!SPECULAR]>
                <TextureBind name="mTexture2"  id="2"/>
                <TextureBind name="mTexture3"  id="3"/>
            </#>
        </TextureBinds>
        <PreProcessor>
            <Directive variable="LAYER" value="3"/>
            <#[SPECULAR]>
                <Directive variable="SPECULAR"/>
            </#>
            <#[MOTION_BLUR]>
                <Directive variable="MOTION_BLUR"/>
            </#>
        </PreProcessor>
    </PixelShader>
    
    <VertexShader name="Terrain_Splatting_4" file="Shaders/Terrain/Terrain_Splatting_vs">
        <Params>
            <LightParams number="5" includeDirectional="true"/>
            <AutoParam name="mAmbient"/>
            <AutoParam name="mWorldViewProj"/>
            <AutoParam name="mWorld"/>
            <AutoParam name="mTexCoordMat1" param="texture_matrix" data="1"/>
            
            <#[SPECULAR]>
                <AutoParam name="mCamPos"/>
                <AutoParam name="mTexCoordMat2" param="texture_matrix" data="3"/>
                <AutoParam name="mTexCoordMat3" param="texture_matrix" data="5"/>
                <AutoParam name="mTexCoordMat4" param="texture_matrix" data="7"/>
            </#>
            <#[!SPECULAR]>
                <AutoParam name="mTexCoordMat2" param="texture_matrix" data="2"/>
                <AutoParam name="mTexCoordMat3" param="texture_matrix" data="3"/>
                <AutoParam name="mTexCoordMat4" param="texture_matrix" data="4"/>
            </#>
        </Params>
        <PreProcessor>
            <Directive variable="LAYER" value="4"/>
            <#[SPECULAR]>
                <Directive variable="SPECULAR"/>
            </#>
            <#[MOTION_BLUR]>
                <Directive variable="MOTION_BLUR"/>
            </#>
        </PreProcessor>
    </VertexShader>
    <PixelShader name="Terrain_Splatting_4" file="Shaders/Terrain/Terrain_Splatting_ps">
        <TextureBinds>
            <TextureBind name="mMask"     id="0"/>
            <TextureBind name="mTexture1" id="1"/>
            
            <#[SPECULAR]>
                <TextureBind name="mTexture1S" id="2"/>
                <TextureBind name="mTexture2"  id="3"/>
                <TextureBind name="mTexture2S" id="4"/>
                <TextureBind name="mTexture3"  id="5"/>
                <TextureBind name="mTexture3S" id="6"/>
                <TextureBind name="mTexture4"  id="7"/>
                <TextureBind name="mTexture4S" id="8"/>
            </#>
            <#[!SPECULAR]>
                <TextureBind name="mTexture2"  id="2"/>
                <TextureBind name="mTexture3"  id="3"/>
                <TextureBind name="mTexture4"  id="4"/>
            </#>
        </TextureBinds>
        <PreProcessor>
            <Directive variable="LAYER" value="4"/>
            <#[SPECULAR]>
                <Directive variable="SPECULAR"/>
            </#>
            <#[MOTION_BLUR]>
                <Directive variable="MOTION_BLUR"/>
            </#>
        </PreProcessor>
    </PixelShader>
    
</Shaders>