<Classes>
    <Class name="MAGE" healthType="HEALTH" powerType="MANA">
    </Class>
    <Class name="PRIEST" healthType="HEALTH" powerType="MANA">
    </Class>
    <Class name="DRUID" healthType="HEALTH" powerType="MANA">
    </Class>
    <Class name="DEMONIST" healthType="HEALTH" powerType="MANA">
    </Class>
    <Class name="PALADIN" healthType="HEALTH" powerType="MANA">
    </Class>
    <Class name="SHAMAN" healthType="HEALTH" powerType="MANA">
    </Class>
    <Class name="HUNTER" healthType="HEALTH" powerType="MANA">
    </Class>
    <Class name="WARRIOR" healthType="HEALTH" powerType="RAGE">
    </Class>
    <Class name="ROGUE" healthType="HEALTH" powerType="ENERGY">
    </Class>
</Classes>
