<?xml version="1.0" encoding="ISO-8859-1"?>
<Ui>
	<Script file="ChatFrame.lua"/>
	<Script file="CombatFrame.lua"/>
	<ScrollingMessageFrame name="ChatFrame" parent="UIParent" maxLines="128">
		<Size>
			<AbsDimension x="300" y="150"/>
		</Size>
		<Anchors>
			<Anchor point="BOTTOMRIGHT" relativePoint="BOTTOMRIGHT">
				<Offset>
					<AbsDimension x="-330" y="35"/>
				</Offset>
			</Anchor>
		</Anchors>
		<Scripts>
			<OnLoad>
				BUI_ChatFrame_OnLoad();
			</OnLoad>
		</Scripts>
		<Backdrop edgeFile="Interface/BaseUI/BaseUI_ChatFrame/UI-ChatFrame-Border.png" tile="false">
			<EdgeSize>
				<AbsValue val="8"/>
			</EdgeSize>
			<BackgroundInsets>
				<AbsInset left="3" right="3" top="3" bottom="3"/>
			</BackgroundInsets>
		</Backdrop>
		<TextInsets left="12" top="7" right="12" bottom="7" />
		<FontString font="Fonts/Calibri.ttf">
			<FontHeight>
				<AbsValue val="13"/>
			</FontHeight>
		</FontString>
		<Frames>
			<Button name="$parentUpButton" hidden="false">
				<Size>
					<AbsDimension x="32" y="32"/>
				</Size>
				<Scripts>
					<OnClick>
						this.clickDelay = MESSAGE_SCROLLBUTTON_INITIAL_DELAY;
					</OnClick>
					<OnLoad>
						BUI_ChatFrameButton_OnLoad();
					</OnLoad>
					<OnUpdate>
						if (ChatFrame:AtTop()) then
							this:Disable();
						else
							this:Enable();
						end
						
						BUI_ChatFrameButton_OnUpdate(arg1, ChatFrame);
					</OnUpdate>
				</Scripts>
				<Anchors>
					<Anchor point="TOPRIGHT" relativePoint="TOPLEFT">
						<Offset>
							<AbsDimension x="4" y="0"/>
						</Offset>
					</Anchor>
				</Anchors>
				<HitRectInsets>
					<AbsInset left="5" right="6" top="6" bottom="6"/>
				</HitRectInsets>
				<NormalTexture file="Interface/BaseUI/BaseUI_ChatFrame/UI-ChatIcon-ScrollUp-Up.png"/>
				<DisabledTexture file="Interface/BaseUI/BaseUI_ChatFrame/UI-ChatIcon-ScrollUp-Disabled.png"/>
				<PushedTexture file="Interface/BaseUI/BaseUI_ChatFrame/UI-ChatIcon-ScrollUp-Down.png"/>
				<HighlightTexture file="Interface/BaseUI/BaseUI_ChatFrame/UI-Common-MouseHilight.png" alphaMode="ADD"/>
			</Button>
			<Button name="$parentDownButton" hidden="false">
				<Size>
					<AbsDimension x="32" y="32"/>
				</Size>
				<Scripts>
					<OnClick>
						this.clickDelay = MESSAGE_SCROLLBUTTON_INITIAL_DELAY;
					</OnClick>
					<OnLoad>
						BUI_ChatFrameButton_OnLoad();
					</OnLoad>
					<OnUpdate>
						if (ChatFrame:AtBottom()) then
							this:Disable();
						else
							this:Enable();
						end
						
						BUI_ChatFrameButton_OnUpdate(arg1, ChatFrame);
					</OnUpdate>
				</Scripts>
				<Anchors>
					<Anchor point="TOPLEFT" relativeTo="$parentUpButton" relativePoint="BOTTOMLEFT">
						<Offset>
							<AbsDimension x="0" y="5"/>
						</Offset>
					</Anchor>
				</Anchors>
				<HitRectInsets>
					<AbsInset left="5" right="6" top="6" bottom="6"/>
				</HitRectInsets>
				<NormalTexture file="Interface/BaseUI/BaseUI_ChatFrame/UI-ChatIcon-ScrollDown-Up.png"/>
				<DisabledTexture file="Interface/BaseUI/BaseUI_ChatFrame/UI-ChatIcon-ScrollDown-Disabled.png"/>
				<PushedTexture file="Interface/BaseUI/BaseUI_ChatFrame/UI-ChatIcon-ScrollDown-Down.png"/>
				<HighlightTexture file="Interface/BaseUI/BaseUI_ChatFrame/UI-Common-MouseHilight.png" alphaMode="ADD"/>
			</Button>
			<Button name="$parentEndButton" hidden="false">
				<Size>
					<AbsDimension x="32" y="32"/>
				</Size>
				<Scripts>
					<OnClick>
						ChatFrame:ScrollToBottom();
					</OnClick>
					<OnUpdate>
						if (ChatFrame:AtBottom()) then
							this:Disable();
						else
							this:Enable();
						end
					</OnUpdate>
				</Scripts>
				<Anchors>
					<Anchor point="TOPLEFT" relativeTo="$parentDownButton" relativePoint="BOTTOMLEFT">
						<Offset>
							<AbsDimension x="0" y="5"/>
						</Offset>
					</Anchor>
				</Anchors>
				<HitRectInsets>
					<AbsInset left="5" right="6" top="6" bottom="6"/>
				</HitRectInsets>
				<NormalTexture file="Interface/BaseUI/BaseUI_ChatFrame/UI-ChatIcon-ScrollEnd-Up.png"/>
				<DisabledTexture file="Interface/BaseUI/BaseUI_ChatFrame/UI-ChatIcon-ScrollEnd-Disabled.png"/>
				<PushedTexture file="Interface/BaseUI/BaseUI_ChatFrame/UI-ChatIcon-ScrollEnd-Down.png"/>
				<HighlightTexture file="Interface/BaseUI/BaseUI_ChatFrame/UI-Common-MouseHilight.png" alphaMode="ADD"/>
			</Button>
		</Frames>
	</ScrollingMessageFrame>
	
	<EditBox name="ChatEditBox" parent="UIParent" letters="255" multiLine="false">
		<Size>
			<AbsDimension x="300" y="32"/>
		</Size>
		<Anchors>
			<Anchor point="TOPLEFT" relativeTo="ChatFrame" relativePoint="BOTTOMLEFT">
				<Offset>
					<AbsDimension x="0" y="0"/>
				</Offset>
			</Anchor>
		</Anchors>
		<Scripts>
			<OnEnterPressed>
				BUI_ChatFrame_OnEnterPressed();
			</OnEnterPressed>
		</Scripts>
		<FontString font="Fonts/Calibri.ttf">
			<FontHeight>
				<AbsValue val="16"/>
			</FontHeight>
		</FontString>
		<TextInsets left="12" top="7" right="12" bottom="7" />
		<Backdrop edgeFile="Interface/BaseUI/BaseUI_ChatFrame/UI-ChatFrame-EditBox-Border.png" tile="false">
			<EdgeSize>
				<AbsValue val="16"/>
			</EdgeSize>
			<BackgroundInsets>
				<AbsInset left="7" right="7" top="7" bottom="7"/>
			</BackgroundInsets>
		</Backdrop>
	</EditBox>
	
	<ScrollingMessageFrame name="CombatFrame" parent="UIParent" maxLines="128">
		<Size>
			<AbsDimension x="300" y="140"/>
		</Size>
		<Anchors>
			<Anchor point="BOTTOMRIGHT" relativePoint="BOTTOMRIGHT">
				<Offset>
					<AbsDimension x="-30" y="45"/>
				</Offset>
			</Anchor>
		</Anchors>
		<Scripts>
			<OnLoad>
				BUI_CombatFrame_OnLoad();
			</OnLoad>
			<OnEvent>
				BUI_CombatFrame_OnEvent();
			</OnEvent>
		</Scripts>
		<Backdrop edgeFile="Interface/BaseUI/BaseUI_ChatFrame/UI-ChatFrame-Border.png" tile="false">
			<EdgeSize>
				<AbsValue val="8"/>
			</EdgeSize>
			<BackgroundInsets>
				<AbsInset left="3" right="3" top="3" bottom="3"/>
			</BackgroundInsets>
		</Backdrop>
		<TextInsets left="12" top="7" right="12" bottom="7" />
		<FontString font="Fonts/Calibri.ttf">
			<FontHeight>
				<AbsValue val="14"/>
			</FontHeight>
		</FontString>
		<Frames>
			<Button name="$parentUpButton" hidden="false">
				<Size>
					<AbsDimension x="32" y="32"/>
				</Size>
				<Scripts>
					<OnClick>
						this.clickDelay = MESSAGE_SCROLLBUTTON_INITIAL_DELAY;
					</OnClick>
					<OnLoad>
						BUI_ChatFrameButton_OnLoad();
					</OnLoad>
					<OnUpdate>
						if (CombatFrame:AtTop()) then
							this:Disable();
						else
							this:Enable();
						end
						
						BUI_ChatFrameButton_OnUpdate(arg1, CombatFrame);
					</OnUpdate>
				</Scripts>
				<Anchors>
					<Anchor point="TOPLEFT" relativePoint="TOPRIGHT">
						<Offset>
							<AbsDimension x="-4" y="0"/>
						</Offset>
					</Anchor>
				</Anchors>
				<HitRectInsets>
					<AbsInset left="5" right="6" top="6" bottom="6"/>
				</HitRectInsets>
				<NormalTexture file="Interface/BaseUI/BaseUI_ChatFrame/UI-ChatIcon-ScrollUp-Up.png"/>
				<DisabledTexture file="Interface/BaseUI/BaseUI_ChatFrame/UI-ChatIcon-ScrollUp-Disabled.png"/>
				<PushedTexture file="Interface/BaseUI/BaseUI_ChatFrame/UI-ChatIcon-ScrollUp-Down.png"/>
				<HighlightTexture file="Interface/BaseUI/BaseUI_ChatFrame/UI-Common-MouseHilight.png" alphaMode="ADD"/>
			</Button>
			<Button name="$parentDownButton" hidden="false">
				<Size>
					<AbsDimension x="32" y="32"/>
				</Size>
				<Scripts>
					<OnClick>
						this.clickDelay = MESSAGE_SCROLLBUTTON_INITIAL_DELAY;
					</OnClick>
					<OnLoad>
						BUI_ChatFrameButton_OnLoad();
					</OnLoad>
					<OnUpdate>
						if (CombatFrame:AtBottom()) then
							this:Disable();
						else
							this:Enable();
						end
						
						BUI_ChatFrameButton_OnUpdate(arg1, CombatFrame);
					</OnUpdate>
				</Scripts>
				<Anchors>
					<Anchor point="TOPLEFT" relativeTo="$parentUpButton" relativePoint="BOTTOMLEFT">
						<Offset>
							<AbsDimension x="0" y="5"/>
						</Offset>
					</Anchor>
				</Anchors>
				<HitRectInsets>
					<AbsInset left="5" right="6" top="6" bottom="6"/>
				</HitRectInsets>
				<NormalTexture file="Interface/BaseUI/BaseUI_ChatFrame/UI-ChatIcon-ScrollDown-Up.png"/>
				<DisabledTexture file="Interface/BaseUI/BaseUI_ChatFrame/UI-ChatIcon-ScrollDown-Disabled.png"/>
				<PushedTexture file="Interface/BaseUI/BaseUI_ChatFrame/UI-ChatIcon-ScrollDown-Down.png"/>
				<HighlightTexture file="Interface/BaseUI/BaseUI_ChatFrame/UI-Common-MouseHilight.png" alphaMode="ADD"/>
			</Button>
			<Button name="$parentEndButton" hidden="false">
				<Size>
					<AbsDimension x="32" y="32"/>
				</Size>
				<Scripts>
					<OnClick>
						CombatFrame:ScrollToBottom();
					</OnClick>
					<OnUpdate>
						if (CombatFrame:AtBottom()) then
							this:Disable();
						else
							this:Enable();
						end
					</OnUpdate>
				</Scripts>
				<Anchors>
					<Anchor point="TOPLEFT" relativeTo="$parentDownButton" relativePoint="BOTTOMLEFT">
						<Offset>
							<AbsDimension x="0" y="5"/>
						</Offset>
					</Anchor>
				</Anchors>
				<HitRectInsets>
					<AbsInset left="3" right="3" top="3" bottom="3"/>
				</HitRectInsets>
				<NormalTexture file="Interface/BaseUI/BaseUI_ChatFrame/UI-ChatIcon-ScrollEnd-Up.png"/>
				<DisabledTexture file="Interface/BaseUI/BaseUI_ChatFrame/UI-ChatIcon-ScrollEnd-Disabled.png"/>
				<PushedTexture file="Interface/BaseUI/BaseUI_ChatFrame/UI-ChatIcon-ScrollEnd-Down.png"/>
				<HighlightTexture file="Interface/BaseUI/BaseUI_ChatFrame/UI-Common-MouseHilight.png" alphaMode="ADD"/>
			</Button>
		</Frames>
	</ScrollingMessageFrame>
</Ui>