<?xml version="1.0" encoding="ISO-8859-1"?>
<Ui>
	<Script file="UnitFrame.lua"/>
	<Frame name="UnitFrameScr" parent="UIParent">
		<Size>
			<AbsDimension x="1" y="1"/>
		</Size>
		<Scripts>
			<OnUpdate>
				BUI_UF_OnUpdate();
			</OnUpdate>
		</Scripts>
	</Frame>
	<Frame name="UnitFrame" parent="UIParent" hidden="true" enableMouse="true">
		<Size>
            <AbsDimension x="214" y="82"/>
        </Size>
		<Anchors>
			<Anchor>
				<Offset>
					<AbsDimension x="4" y="-4"/>
				</Offset>
			</Anchor>
		</Anchors>
		<Layers>
			<Layer level="BACKGROUND">
				<Texture name="$parentBGTex" file="Interface/BaseUI/BaseUI_UnitFrame/ui_unit_frame.png" alphaMode="BLEND">
					<Size>
						<AbsDimension x="214" y="82"/>
					</Size>
					<TexCoords left="0" right="0.8359375" top="0" bottom="0.640625"/>
				</Texture>
			</Layer>
			<Layer level="ARTWORK">
				<FontString name="$parentName" font="Fonts/Calibri.ttf" text="" justifyH="CENTER">
					<Size>
						<AbsDimension x="128" y="17"/>
					</Size>
					<Anchors>
						<Anchor point="TOP" relativePoint="TOP">
							<Offset>
								<AbsDimension x="10" y="-3"/>
							</Offset>
						</Anchor>
					</Anchors>
					<FontHeight>
						<AbsValue val="15"/>
					</FontHeight>
					<Color r="1" g="1" b="1"/>
					<Shadow>
						<Offset>
							<AbsDimension x="1.2" y="-1.2"/>
						</Offset>
						<Color r="0" g="0" b="0"/>
					</Shadow>
				</FontString>
				<FontString name="$parentLevel" font="Fonts/CalibriBold.ttf" text="" justifyH="CENTER">
					<Size>
						<AbsDimension x="32" y="16"/>
					</Size>
					<Anchors>
						<Anchor point="TOP" relativePoint="TOPLEFT">
							<Offset>
								<AbsDimension x="14" y="-3"/>
							</Offset>
						</Anchor>
					</Anchors>
					<FontHeight>
						<AbsValue val="14"/>
					</FontHeight>
					<Color r="1" g="1" b="0"/>
				</FontString>
				<FontString name="$parentHealthPercent" font="Fonts/CalibriBold.ttf" text="" justifyH="CENTER">
					<Size>
						<AbsDimension x="64" y="16"/>
					</Size>
					<Anchors>
						<Anchor point="TOP" relativePoint="TOPRIGHT">
							<Offset>
								<AbsDimension x="-23" y="-30"/>
							</Offset>
						</Anchor>
					</Anchors>
					<FontHeight>
						<AbsValue val="14"/>
					</FontHeight>
					<Color r="1" g="1" b="1"/>
				</FontString>
				<FontString name="$parentManaPercent" font="Fonts/CalibriBold.ttf" text="" justifyH="CENTER">
					<Size>
						<AbsDimension x="64" y="16"/>
					</Size>
					<Anchors>
						<Anchor point="TOP" relativePoint="TOPRIGHT">
							<Offset>
								<AbsDimension x="-23" y="-44"/>
							</Offset>
						</Anchor>
					</Anchors>
					<FontHeight>
						<AbsValue val="14"/>
					</FontHeight>
					<Color r="1" g="1" b="1"/>
				</FontString>
			</Layer>
		</Layers>
		<Frames>
			<StatusBar name="$parentHealthBar" frameStrata="MEDIUM">
				<Size>
					<AbsDimension x="128" y="12"/>
				</Size>
				<Anchors>
					<Anchor>
						<Offset>
							<AbsDimension x="40" y="-34"/>
						</Offset>
					</Anchor>
				</Anchors>
				<Layers>
					<Layer level="ARTWORK">
						<FontString name="$parentValues" font="Fonts/CalibriBold.ttf" text="" justifyH="CENTER">
							<Size>
								<AbsDimension x="128" y="14"/>
							</Size>
							<Anchors>
								<Anchor point="TOP" relativePoint="TOP">
									<Offset>
										<AbsDimension x="0" y="3"/>
									</Offset>
								</Anchor>
							</Anchors>
							<FontHeight>
								<AbsValue val="14"/>
							</FontHeight>
							<Color r="1" g="1" b="1"/>
							<Shadow>
								<Offset>
									<AbsDimension x="1.2" y="-1.2"/>
								</Offset>
								<Color r="0" g="0" b="0"/>
							</Shadow>
						</FontString>
					</Layer>
				</Layers>
				<BarTexture name="$parentTexture" file="Interface/BaseUI/BaseUI_UnitFrame/ui_unit_frame.png">
					<Size>
						<AbsDimension x="128" y="12"/>
					</Size>
					<TexCoords left="0" right="0.9921875" top="0.7421875" bottom="1"/>
				</BarTexture>
			</StatusBar>
			<StatusBar name="$parentHealthBarBg" frameStrata="LOW">
				<Size>
					<AbsDimension x="128" y="12"/>
				</Size>
				<Anchors>
					<Anchor relativeTo="$parentHealthBar"/>
				</Anchors>
				<BarTexture name="$parentTexture" file="Interface/BaseUI/BaseUI_UnitFrame/ui_unit_frame.png">
					<Size>
						<AbsDimension x="128" y="12"/>
					</Size>
					<TexCoords left="0" right="0.9921875" top="0.7421875" bottom="1"/>
				</BarTexture>
			</StatusBar>
			<StatusBar name="$parentManaBar" frameStrata="MEDIUM">
				<Size>
					<AbsDimension x="128" y="12"/>
				</Size>
				<Anchors>
					<Anchor relativeTo="$parentHealthBar">
						<Offset>
							<AbsDimension x="0" y="-14"/>
						</Offset>
					</Anchor>
				</Anchors>
				<Layers>
					<Layer level="ARTWORK">
						<FontString name="$parentValues" font="Fonts/CalibriBold.ttf" text="" justifyH="CENTER">
							<Size>
								<AbsDimension x="128" y="16"/>
							</Size>
							<Anchors>
								<Anchor point="TOP" relativePoint="TOP">
									<Offset>
										<AbsDimension x="0" y="3"/>
									</Offset>
								</Anchor>
							</Anchors>
							<FontHeight>
								<AbsValue val="14"/>
							</FontHeight>
							<Color r="1" g="1" b="1"/>
							<Shadow>
								<Offset>
									<AbsDimension x="1.2" y="-1.2"/>
								</Offset>
								<Color r="0" g="0" b="0"/>
							</Shadow>
						</FontString>
					</Layer>
				</Layers>
				<BarTexture name="$parentTexture" file="Interface/BaseUI/BaseUI_UnitFrame/ui_unit_frame.png">
					<Size>
						<AbsDimension x="128" y="12"/>
					</Size>
					<TexCoords left="0" right="0.9921875" top="0.7421875" bottom="1"/>
				</BarTexture>
			</StatusBar>
			<StatusBar name="$parentManaBarBg" frameStrata="LOW">
				<Size>
					<AbsDimension x="128" y="12"/>
				</Size>
				<Anchors>
					<Anchor relativeTo="$parentManaBar"/>
				</Anchors>
				<BarTexture name="$parentTexture" file="Interface/BaseUI/BaseUI_UnitFrame/ui_unit_frame.png">
					<Size>
						<AbsDimension x="128" y="12"/>
					</Size>
					<TexCoords left="0" right="0.9921875" top="0.7421875" bottom="1"/>
				</BarTexture>
			</StatusBar>
		</Frames>
	</Frame>
</Ui>