<?xml version="1.0" encoding="ISO-8859-1"?>
<Ui>
	<Script file="Debug.lua"/>
	<Frame name="Debug" parent="UIParent" hidden="true" movable="true" enableMouse="true" clampedToScreen="true">
		<Size>
			<AbsDimension x="400" y="400"/>
		</Size>
		<Anchors>
			<Anchor point="CENTER" relativeTo="UIParent" relativePoint="CENTER"/>
		</Anchors>
		<Scripts>
			<OnLoad>
				Debug:SetBackdropColor(0, 0, 0, 0.85);
			</OnLoad>
		</Scripts>
		<Backdrop edgeFile="Interface/BaseUI/BaseUI_HelpScreen/UI-DialogBox-Border.png" tile="true">
			<BackgroundInsets>
				<AbsInset left="9" right="10" top="10" bottom="9"/>
			</BackgroundInsets>
			<TileSize>
				<AbsValue val="32"/>
			</TileSize>
			<EdgeSize>
				<AbsValue val="25"/>
			</EdgeSize>
		</Backdrop>
		<Layers>
			<Layer level="BACKGROUND">
				<Texture name="$parentTitleBorder" file="Interface/BaseUI/BaseUI_HelpScreen/UI-DialogBox-Header.png">
					<Size>
						<AbsDimension x="160" y="32"/>
					</Size>
					<Anchors>
						<Anchor point="TOP" relativePoint="TOP">
							<Offset>
								<AbsDimension x="0" y="5"/>
							</Offset>
						</Anchor>
					</Anchors>
					<TexCoords left="0.2" right="0.8" top="0" bottom="0.6"/>
				</Texture>
			</Layer>
		</Layers>
		<Frames>
			<EditBox name="$parentShowEB" letters="3" multiLine="false">
				<Size>
					<AbsDimension x="64" y="32"/>
				</Size>
				<Anchors>
					<Anchor point="RIGHT" relativePoint="CENTER">
						<Offset>
							<AbsDimension x="-5" y="0"/>
						</Offset>
					</Anchor>
				</Anchors>
				<Scripts>
					<OnEnterPressed>
						BUI_DebugEB_OnEnterPressed(true);
					</OnEnterPressed>
				</Scripts>
				<FontString font="Fonts/Calibri.ttf">
					<FontHeight>
						<AbsValue val="16"/>
					</FontHeight>
				</FontString>
				<TextInsets left="12" top="7" right="12" bottom="7" />
				<Backdrop edgeFile="Interface/BaseUI/BaseUI_ChatFrame/UI-ChatFrame-EditBox-Border.png" tile="false">
					<EdgeSize>
						<AbsValue val="16"/>
					</EdgeSize>
					<BackgroundInsets>
						<AbsInset left="7" right="7" top="7" bottom="7"/>
					</BackgroundInsets>
				</Backdrop>
				<Layers>
					<Layer>
						<FontString name="$parentLabel" font="Fonts/Calibri.ttf" justifyH="CENTER" text="Show :">
							<Size>
								<AbsDimension x="40" y="16"/>
							</Size>
							<Anchors>
								<Anchor point="BOTTOM" relativePoint="TOP">
									<Offset>
										<AbsDimension x="0" y="0"/>
									</Offset>
								</Anchor>
							</Anchors>
							<FontHeight>
								<AbsValue val="13"/>
							</FontHeight>
							<Color r="1" g="0.8196079" b="0"/>
						</FontString>
					</Layer>
				</Layers>
			</EditBox>
			<EditBox name="$parentHideEB" letters="3" multiLine="false">
				<Size>
					<AbsDimension x="64" y="32"/>
				</Size>
				<Anchors>
					<Anchor point="TOPLEFT" relativeTo="$parentShowEB" relativePoint="TOPRIGHT">
						<Offset>
							<AbsDimension x="10" y="0"/>
						</Offset>
					</Anchor>
				</Anchors>
				<Scripts>
					<OnEnterPressed>
						BUI_DebugEB_OnEnterPressed(false);
					</OnEnterPressed>
				</Scripts>
				<FontString font="Fonts/Calibri.ttf">
					<FontHeight>
						<AbsValue val="16"/>
					</FontHeight>
				</FontString>
				<TextInsets left="12" top="7" right="12" bottom="7" />
				<Backdrop edgeFile="Interface/BaseUI/BaseUI_ChatFrame/UI-ChatFrame-EditBox-Border.png" tile="false">
					<EdgeSize>
						<AbsValue val="16"/>
					</EdgeSize>
					<BackgroundInsets>
						<AbsInset left="7" right="7" top="7" bottom="7"/>
					</BackgroundInsets>
				</Backdrop>
				<Layers>
					<Layer>
						<FontString name="$parentLabel" font="Fonts/Calibri.ttf" justifyH="CENTER" text="Hide :">
							<Size>
								<AbsDimension x="40" y="16"/>
							</Size>
							<Anchors>
								<Anchor point="BOTTOM" relativePoint="TOP">
									<Offset>
										<AbsDimension x="0" y="0"/>
									</Offset>
								</Anchor>
							</Anchors>
							<FontHeight>
								<AbsValue val="13"/>
							</FontHeight>
							<Color r="1" g="0.8196079" b="0"/>
						</FontString>
					</Layer>
				</Layers>
			</EditBox>
			<EditBox name="$parentNameEB" letters="255" multiLine="false">
				<Size>
					<AbsDimension x="120" y="32"/>
				</Size>
				<Anchors>
					<Anchor point="TOP" relativePoint="TOP">
						<Offset>
							<AbsDimension x="0" y="-40"/>
						</Offset>
					</Anchor>
				</Anchors>
				<FontString font="Fonts/Calibri.ttf">
					<FontHeight>
						<AbsValue val="16"/>
					</FontHeight>
				</FontString>
				<TextInsets left="12" top="7" right="12" bottom="7" />
				<Backdrop edgeFile="Interface/BaseUI/BaseUI_ChatFrame/UI-ChatFrame-EditBox-Border.png" tile="false">
					<EdgeSize>
						<AbsValue val="16"/>
					</EdgeSize>
					<BackgroundInsets>
						<AbsInset left="7" right="7" top="7" bottom="7"/>
					</BackgroundInsets>
				</Backdrop>
				<Layers>
					<Layer>
						<FontString name="$parentLabel" font="Fonts/Calibri.ttf" justifyH="CENTER" text="Unit name :">
							<Size>
								<AbsDimension x="120" y="16"/>
							</Size>
							<Anchors>
								<Anchor point="BOTTOM" relativePoint="TOP">
									<Offset>
										<AbsDimension x="0" y="0"/>
									</Offset>
								</Anchor>
							</Anchors>
							<FontHeight>
								<AbsValue val="13"/>
							</FontHeight>
							<Color r="1" g="0.8196079" b="0"/>
						</FontString>
					</Layer>
				</Layers>
			</EditBox>
			<Button name="$parentFillButton" hidden="false">
				<Size>
					<AbsDimension x="32" y="32"/>
				</Size>
				<Scripts>
					<OnClick>
						BUI_DebugButton_OnClick();
					</OnClick>
				</Scripts>
				<Anchors>
					<Anchor point="TOPLEFT" relativeTo="$parentNameEB" relativePoint="TOPRIGHT">
						<Offset>
							<AbsDimension x="0" y="0"/>
						</Offset>
					</Anchor>
				</Anchors>
				<HitRectInsets>
					<AbsInset left="5" right="6" top="6" bottom="6"/>
				</HitRectInsets>
				<NormalTexture file="Interface/BaseUI/BaseUI_ChatFrame/UI-ChatIcon-ScrollEnd-Up.png"/>
				<DisabledTexture file="Interface/BaseUI/BaseUI_ChatFrame/UI-ChatIcon-ScrollEnd-Disabled.png"/>
				<PushedTexture file="Interface/BaseUI/BaseUI_ChatFrame/UI-ChatIcon-ScrollEnd-Down.png"/>
				<HighlightTexture file="Interface/BaseUI/BaseUI_ChatFrame/UI-Common-MouseHilight.png" alphaMode="ADD"/>
			</Button>
		</Frames>
	</Frame>
</Ui>
