<?xml version="1.0" encoding="ISO-8859-1"?>
<Ui>
	<Script file="CastBar.lua"/>
	<Frame name="CastBarScr" parent="UIParent">
		<Size>
			<AbsDimension x="1" y="1"/>
		</Size>
		<Scripts>
			<OnUpdate>
				BUI_CB_OnUpdate();
			</OnUpdate>
		</Scripts>
	</Frame>
	<Frame name="CastBar" parent="UIParent" hidden="true">
		<Size>
            <AbsDimension x="250" y="30"/>
        </Size>
		<Anchors>
			<Anchor point="BOTTOMRIGHT" relativePoint="BOTTOMRIGHT">
				<Offset>
					<AbsDimension x="-40" y="10"/>
				</Offset>
			</Anchor>
		</Anchors>
		<Layers>
			<Layer level="BACKGROUND">
				<Texture name="$parentBackground" file="Interface/BaseUI/BaseUI_CastBar/UI-CastBar.png" alphaMode="BLEND">
					<Size>
						<AbsDimension x="246" y="26"/>
					</Size>
					<Anchors>
						<Anchor>
							<Offset>
								<AbsDimension x="2" y="-2"/>
							</Offset>
						</Anchor>
					</Anchors>
					<TexCoords left="0" right="0.9609375" top="0" bottom="0.203125"/>
				</Texture>
			</Layer>
		</Layers>
		<Frames>
			<StatusBar name="$parentStatusBar" frameStata="LOW">
				<Size>
					<AbsDimension x="242" y="26"/>
				</Size>
				<Anchors>
					<Anchor>
						<Offset>
							<AbsDimension x="4" y="-2"/>
						</Offset>
					</Anchor>
				</Anchors>
				<Layers>
					<Layer level="ARTWORK">
						<Texture name="$parentSpark" file="Interface/BaseUI/BaseUI_CastBar/UI-CastBar.png" alphaMode="BLEND">
							<Size>
								<AbsDimension x="7" y="26"/>
							</Size>
							<TexCoords left="0.95703125" right="0.984375" top="0.2265625" bottom="0.4296875"/>
						</Texture>
					</Layer>
					<Layer level="OVERLAY">
						<FontString name="$parentText" font="Fonts/CalibriBold.ttf" text="Spell">
							<Size>
								<AbsDimension x="242" y="15"/>
							</Size>
							<Anchors>
								<Anchor>
									<Offset>
										<AbsDimension x="5" y="-3"/>
									</Offset>
								</Anchor>
							</Anchors>
							<FontHeight>
								<AbsValue val="15"/>
							</FontHeight>
							<Color r="1" g="1" b="1"/>
							<Shadow>
								<Offset>
									<AbsDimension x="1.2" y="-1.2"/>
								</Offset>
								<Color r="0" g="0" b="0"/>
							</Shadow>
						</FontString>
						<FontString name="$parentTime" font="Fonts/Calibri.ttf" text="00" justifyH="RIGHT">
							<Size>
								<AbsDimension x="242" y="15"/>
							</Size>
							<Anchors>
								<Anchor>
									<Offset>
										<AbsDimension x="-5" y="-3"/>
									</Offset>
								</Anchor>
							</Anchors>
							<FontHeight>
								<AbsValue val="15"/>
							</FontHeight>
							<Color r="1" g="1" b="1"/>
							<Shadow>
								<Offset>
									<AbsDimension x="1.2" y="-1.2"/>
								</Offset>
								<Color r="0" g="0" b="0"/>
							</Shadow>
						</FontString>
					</Layer>
				</Layers>
				<BarTexture name="$parentTexture" file="Interface/BaseUI/BaseUI_CastBar/UI-CastBar.png">
					<Size>
						<AbsDimension x="242" y="26"/>
					</Size>
					<TexCoords left="0" right="0.9453125" top="0.2265625" bottom="0.4296875"/>
				</BarTexture>
			</StatusBar>
			<Frame name="$parentBorder" frameStrata="HIGH">
				<Size>
					<AbsDimension x="250" y="30"/>
				</Size>
				<Anchors>
					<Anchor>
						<Offset>
							<AbsDimension x="0" y="0"/>
						</Offset>
					</Anchor>
				</Anchors>
				<Layers>
					<Layer level="ARTWORK">
						<Texture name="$parentBorder" file="Interface/BaseUI/BaseUI_CastBar/UI-CastBar.png" alphaMode="BLEND">
							<Size>
								<AbsDimension x="250" y="30"/>
							</Size>
							<Anchors>
								<Anchor>
									<Offset>
										<AbsDimension x="0" y="0"/>
									</Offset>
								</Anchor>
							</Anchors>
							<TexCoords left="0" right="0.9765625" top="0.4453125" bottom="0.6796875"/>
						</Texture>
					</Layer>
				</Layers>
			</Frame>
		</Frames>
	</Frame>
</Ui>