<?xml version="1.0" encoding="ISO-8859-1"?>
<Ui>
	<Script file="ActionButton.lua"/>
	<Frame name="ActionButtonTemplate" virtual="true" hidden="false" enableMouse="true">
		<Size>
            <AbsDimension x="41" y="41"/>
        </Size>
		<Scripts>
			<OnLoad>
				BUI_AButton_OnLoad();
			</OnLoad>
			<OnUpdate>
				BUI_AButton_OnUpdate();
			</OnUpdate>
			<OnMouseUp>
				BUI_AButton_OnMouseUp();
			</OnMouseUp>
			<OnEnter>
				BUI_AButton_OnEnter();
			</OnEnter>
			<OnLeave>
				BUI_AButton_OnLeave();
			</OnLeave>
		</Scripts>
		<Backdrop edgeFile="Interface/BaseUI/BaseUI_ActionBar/ui_action_button_edge.png" tile="false">
			<EdgeSize>
				<AbsValue val="16"/>
			</EdgeSize>
			<BackgroundInsets>
				<AbsInset left="1" right="1" top="1" bottom="1"/>
			</BackgroundInsets>
		</Backdrop>
	</Frame>
</Ui>