<?xml version="1.0" encoding="ISO-8859-1"?>
<Ui>
	<Frame name="ActionButtonFrame" parent="UIParent" hidden="false">
		<Size>
			<AbsDimension x="374" y="128"/>
		</Size>
		<Scripts>
			<OnUpdate>
				BUI_AButtonFrame_OnUpdate();
			</OnUpdate>
		</Scripts>
		<Anchors>
			<Anchor point="BOTTOMLEFT" relativePoint="BOTTOMLEFT">
				<Offset>
					<AbsDimension x="10" y="-40"/>
				</Offset>
			</Anchor>
		</Anchors>
		<Frames>
			<Frame name="$parentContainer" hidden="true">
				<Size>
					<AbsDimension x="374" y="128"/>
				</Size>
				<Frames>
					<Frame name="ActionButton001" inherits="ActionButtonTemplate"/>
					<Frame name="ActionButton002" inherits="ActionButtonTemplate">
						<Anchors>
							<Anchor relativeTo="ActionButton001" relativePoint="TOPRIGHT"/>
						</Anchors>
					</Frame>
					<Frame name="ActionButton003" inherits="ActionButtonTemplate">
						<Anchors>
							<Anchor relativeTo="ActionButton002" relativePoint="TOPRIGHT"/>
						</Anchors>
					</Frame>
					<Frame name="ActionButton004" inherits="ActionButtonTemplate">
						<Anchors>
							<Anchor relativeTo="ActionButton003" relativePoint="TOPRIGHT"/>
						</Anchors>
					</Frame>
					<Frame name="ActionButton005" inherits="ActionButtonTemplate">
						<Anchors>
							<Anchor relativeTo="ActionButton004" relativePoint="TOPRIGHT"/>
						</Anchors>
					</Frame>
					<Frame name="ActionButton006" inherits="ActionButtonTemplate">
						<Anchors>
							<Anchor relativeTo="ActionButton005" relativePoint="TOPRIGHT"/>
						</Anchors>
					</Frame>
					<Frame name="ActionButton007" inherits="ActionButtonTemplate">
						<Anchors>
							<Anchor relativeTo="ActionButton006" relativePoint="TOPRIGHT"/>
						</Anchors>
					</Frame>
					<Frame name="ActionButton008" inherits="ActionButtonTemplate">
						<Anchors>
							<Anchor relativeTo="ActionButton007" relativePoint="TOPRIGHT"/>
						</Anchors>
					</Frame>
					<Frame name="ActionButton009" inherits="ActionButtonTemplate">
						<Anchors>
							<Anchor relativeTo="ActionButton008" relativePoint="TOPRIGHT"/>
						</Anchors>
					</Frame>
					<Frame name="ActionButton010" inherits="ActionButtonTemplate">
						<Anchors>
							<Anchor relativeTo="ActionButton001" relativePoint="BOTTOMLEFT"/>
						</Anchors>
					</Frame>
					<Frame name="ActionButton011" inherits="ActionButtonTemplate">
						<Anchors>
							<Anchor relativeTo="ActionButton010" relativePoint="TOPRIGHT"/>
						</Anchors>
					</Frame>
					<Frame name="ActionButton012" inherits="ActionButtonTemplate">
						<Anchors>
							<Anchor relativeTo="ActionButton011" relativePoint="TOPRIGHT"/>
						</Anchors>
					</Frame>
					<Frame name="ActionButton013" inherits="ActionButtonTemplate">
						<Anchors>
							<Anchor relativeTo="ActionButton012" relativePoint="TOPRIGHT"/>
						</Anchors>
					</Frame>
					<Frame name="ActionButton014" inherits="ActionButtonTemplate">
						<Anchors>
							<Anchor relativeTo="ActionButton013" relativePoint="TOPRIGHT"/>
						</Anchors>
					</Frame>
					<Frame name="ActionButton015" inherits="ActionButtonTemplate">
						<Anchors>
							<Anchor relativeTo="ActionButton014" relativePoint="TOPRIGHT"/>
						</Anchors>
					</Frame>
					<Frame name="ActionButton016" inherits="ActionButtonTemplate">
						<Anchors>
							<Anchor relativeTo="ActionButton015" relativePoint="TOPRIGHT"/>
						</Anchors>
					</Frame>
					<Frame name="ActionButton017" inherits="ActionButtonTemplate">
						<Anchors>
							<Anchor relativeTo="ActionButton016" relativePoint="TOPRIGHT"/>
						</Anchors>
					</Frame>
					<Frame name="ActionButton018" inherits="ActionButtonTemplate">
						<Anchors>
							<Anchor relativeTo="ActionButton017" relativePoint="TOPRIGHT"/>
						</Anchors>
					</Frame>
				</Frames>
			</Frame>
		</Frames>
	</Frame>
</Ui>