<?xml version="1.0" encoding="ISO-8859-1"?>
<Ui>
	<Script file="ActionBar.lua"/>
	<Frame name="ActionBar" parent="UIParent" frameStrata="LOW" enableMouse="true">
		<Size>
            <AbsDimension x="256" y="128"/>
        </Size>
		<Anchors>
			<Anchor point="BOTTOMLEFT" relativeTo="UIParent" relativePoint="BOTTOMLEFT"/>
		</Anchors>
		<Scripts>
			<OnLoad>
				BUI_AB_OnLoad();
			</OnLoad>
		</Scripts>
		<Layers>
			<Layer level="BACKGROUND">
				<Texture name="$parentTex" file="Interface/BaseUI/BaseUI_ActionBar/ui_bottom_bar.png" alphaMode="BLEND">
					<Size>
						<AbsDimension x="256" y="128"/>
					</Size>
					<TexCoords left="0" right="1" top="0" bottom="1"/>
				</Texture>
			</Layer>
		</Layers>
	</Frame>
</Ui>