<?xml version="1.0" encoding="ISO-8859-1"?>
<Ui>
	<Script file="ActionButton.lua"/>
	<Frame name="ActionButtonTemplate" virtual="true" hidden="false">
		<Size>
            <AbsDimension x="41" y="41"/>
        </Size>
		<Scripts>
			<OnLoad>
				BUI_AButton_OnLoad();
			</OnLoad>
			<OnUpdate>
				BUI_AButton_OnUpdate();
			</OnUpdate>
			<OnMouseUp>
				BUI_AButton_OnMouseUp();
			</OnMouseUp>
			<OnEnter>
				BUI_AButton_OnEnter();
			</OnEnter>
			<OnLeave>
				BUI_AButton_OnLeave();
			</OnLeave>
		</Scripts>
		<Layers>
			<Layer level="BACKGROUND">
				<Texture name="$parentIcon">
					<Size>
						<AbsDimension x="41" y="41"/>
					</Size>
				</Texture>
			</Layer>
			<Layer level="ARTWORK">
				<Texture name="$parentCornerTL" file="Interface/BaseUI/BaseUI_ActionBar/ui_action_button.png" alphaMode="BLEND">
					<Size>
						<AbsDimension x="8" y="8"/>
					</Size>
					<Anchors>
						<Anchor point="TOPLEFT" relativePoint="TOPLEFT"/>
					</Anchors>
					<TexCoords left="0" right="0.25" top="0" bottom="0.25"/>
				</Texture>
				<Texture name="$parentBorderT" file="Interface/BaseUI/BaseUI_ActionBar/ui_action_button.png" alphaMode="BLEND">
					<Size>
						<AbsDimension x="25" y="8"/>
					</Size>
					<Anchors>
						<Anchor point="TOPLEFT" relativeTo="$parentCornerTL" relativePoint="TOPRIGHT"/>
					</Anchors>
					<TexCoords left="0.25" right="0.75" top="0" bottom="0.25"/>
				</Texture>
				<Texture name="$parentCornerTR" file="Interface/BaseUI/BaseUI_ActionBar/ui_action_button.png" alphaMode="BLEND">
					<Size>
						<AbsDimension x="8" y="8"/>
					</Size>
					<Anchors>
						<Anchor point="TOPLEFT" relativeTo="$parentBorderT" relativePoint="TOPRIGHT"/>
					</Anchors>
					<TexCoords left="0.75" right="1" top="0" bottom="0.25"/>
				</Texture>
				<Texture name="$parentBorderR" file="Interface/BaseUI/BaseUI_ActionBar/ui_action_button.png" alphaMode="BLEND">
					<Size>
						<AbsDimension x="8" y="25"/>
					</Size>
					<Anchors>
						<Anchor point="TOPLEFT" relativeTo="$parentCornerTR" relativePoint="BOTTOMLEFT"/>
					</Anchors>
					<TexCoords left="0.75" right="1" top="0.25" bottom="0.75"/>
				</Texture>
				<Texture name="$parentCornerBR" file="Interface/BaseUI/BaseUI_ActionBar/ui_action_button.png" alphaMode="BLEND">
					<Size>
						<AbsDimension x="8" y="8"/>
					</Size>
					<Anchors>
						<Anchor point="TOPLEFT" relativeTo="$parentBorderR" relativePoint="BOTTOMLEFT"/>
					</Anchors>
					<TexCoords left="0.75" right="1" top="0.75" bottom="1"/>
				</Texture>
				<Texture name="$parentBorderB" file="Interface/BaseUI/BaseUI_ActionBar/ui_action_button.png" alphaMode="BLEND">
					<Size>
						<AbsDimension x="25" y="8"/>
					</Size>
					<Anchors>
						<Anchor point="TOPRIGHT" relativeTo="$parentCornerBR" relativePoint="TOPLEFT"/>
					</Anchors>
					<TexCoords left="0.25" right="0.75" top="0.75" bottom="1"/>
				</Texture>
				<Texture name="$parentCornerBL" file="Interface/BaseUI/BaseUI_ActionBar/ui_action_button.png" alphaMode="BLEND">
					<Size>
						<AbsDimension x="8" y="8"/>
					</Size>
					<Anchors>
						<Anchor point="TOPRIGHT" relativeTo="$parentBorderB" relativePoint="TOPLEFT"/>
					</Anchors>
					<TexCoords left="0" right="0.25" top="0.75" bottom="1"/>
				</Texture>
				<Texture name="$parentBorderL" file="Interface/BaseUI/BaseUI_ActionBar/ui_action_button.png" alphaMode="BLEND">
					<Size>
						<AbsDimension x="8" y="25"/>
					</Size>
					<Anchors>
						<Anchor point="BOTTOMLEFT" relativeTo="$parentCornerBL" relativePoint="TOPLEFT"/>
					</Anchors>
					<TexCoords left="0" right="0.25" top="0.25" bottom="0.75"/>
				</Texture>
			</Layer>
		</Layers>
	</Frame>
</Ui>