<Ui>
    <Script file="FPSCounter.lua"/>

    <Frame name="FPSCounter_Frame" clampedToScreen="false">
        <Size>
            <RelDimension x="1.0" y="1.0"/>
        </Size>
        <Anchors>
            <Anchor point="BOTTOMRIGHT" relativePoint="BOTTOMRIGHT"/>
        </Anchors>
        <Layers>
            <Layer>
                <FontString name="FPSCounter_Text" font="Fonts/Vera.ttf" fontHeight="18" justifyH="RIGHT" justifyV="BOTTOM" outline="NORMAL">
                    <Anchors>
                        <Anchor point="BOTTOMRIGHT" relativePoint="BOTTOMRIGHT">
                            <Offset>
                                <AbsDimension x="-5" y="-5"/>
                            </Offset>
                        </Anchor>
                    </Anchors>
                </FontString>
            </Layer>
        </Layers>
        <Scripts>
            <OnUpdate>
                FPSCounter.OnUpdate();
            </OnUpdate>
        </Scripts>
    </Frame>
</Ui>
