<Gameplays>
    <Script file="FirstPerson.lua"/>

    <Gameplay name="FirstPerson">
        <Selection friendly="SINGLE" hostile="SINGLE"/>
        <Scripts>
            <OnLoad>
                FirstPersonGameplay.OnLoad();
            </OnLoad>
            <OnEnabled>
                FirstPersonGameplay.OnEnabled();
            </OnEnabled>
            <OnDisabled>
                FirstPersonGameplay.OnDisabled();
            </OnDisabled>
            <OnEvent>
                FirstPersonGameplay.OnEvent();
            </OnEvent>
            <OnUpdate>
                FirstPersonGameplay.OnUpdate();
            </OnUpdate>
        </Scripts>
    </Gameplay>
</Gameplays>