<Shaders>
    <#[MOTION_BLUR]>
        <PixelShader name="MotionBlur" file="Shaders/MotionBlur/MotionBlur_ps">
            <TextureBinds>
                <TextureBind name="mTexture" id="0"/>
                <TextureBind name="mMask"    id="1"/>
            </TextureBinds>
            <PreProcessor>
                <Directive variable="BLUR_QUALITY" value="5"/>
                <Directive variable="BLUR_INTENSITY" value="0.005"/>
            </PreProcessor>
        </PixelShader>
    </#>
</Shaders>