<?xml version="1.0" encoding="ISO-8859-1"?>
<Ui>
	<Script file="HelpScreen.lua"/>
	<Frame name="HelpScreen" parent="UIParent" hidden="true" movable="true" enableMouse="true" clampedToScreen="true">
		<Size>
			<AbsDimension x="400" y="400"/>
		</Size>
		<Anchors>
			<Anchor point="CENTER" relativeTo="UIParent" relativePoint="CENTER"/>
		</Anchors>
		<Scripts>
			<OnLoad>
				this:SetBackdropColor(0.1, 0.1, 0.1, 0.85);
				HelpScreenHelpString:SetText(HELPSCREEN_MENU);
			</OnLoad>
		</Scripts>
		<Backdrop bgFile="Interface/BaseUI/BaseUI_HelpScreen/UI-DialogBox-Background.png" edgeFile="Interface/BaseUI/BaseUI_HelpScreen/UI-DialogBox-Border.png" tile="true">
			<BackgroundInsets>
				<AbsInset left="9" right="9" top="9" bottom="9"/>
			</BackgroundInsets>
			<TileSize>
				<AbsValue val="32"/>
			</TileSize>
			<EdgeSize>
				<AbsValue val="25"/>
			</EdgeSize>
		</Backdrop>
		<Layers>
			<Layer level="BACKGROUND">
				<Texture name="$parentTitleBorder" file="Interface/BaseUI/BaseUI_HelpScreen/UI-DialogBox-Header.png">
					<Size>
						<AbsDimension x="160" y="32"/>
					</Size>
					<Anchors>
						<Anchor point="TOP" relativePoint="TOP">
							<Offset>
								<AbsDimension x="0" y="10"/>
							</Offset>
						</Anchor>
					</Anchors>
					<TexCoords left="0.2" right="0.8" top="0" bottom="0.6"/>
				</Texture>
			</Layer>
			<Layer level="ARTWORK">
				<FontString name="$parentTitleString" font="Fonts/Calibri.ttf" justifyH="CENTER" text="Help">
					<Size>
						<AbsDimension x="140" y="0"/>
					</Size>
					<Anchors>
						<Anchor point="CENTER" relativeTo="$parentTitleBorder" relativePoint="CENTER">
							<Offset>
								<AbsDimension x="0" y="7"/>
							</Offset>
						</Anchor>
					</Anchors>
					<FontHeight>
						<AbsValue val="13"/>
					</FontHeight>
					<Color r="1" g="0.8196079" b="0"/>
					<Shadow>
						<Color r="0" g="0" b="0"/>
						<Offset>
							<AbsDimension x="1" y="-1"/>
						</Offset>
					</Shadow>
				</FontString>
				<FontString name="$parentHelpString" font="Fonts/Calibri.ttf" text="">
					<Size>
						<AbsDimension x="350" y="300"/>
					</Size>
					<Anchors>
						<Anchor point="TOP" relativePoint="TOP">
							<Offset>
								<AbsDimension x="0" y="-50"/>
							</Offset>
						</Anchor>
					</Anchors>
					<FontHeight>
						<AbsValue val="13"/>
					</FontHeight>
					<Color r="1" g="0.8196079" b="0"/>
				</FontString>
			</Layer>
		</Layers>
		<Frames>
			<Button name="$parentCloseButton" hidden="false">
				<Size>
					<AbsDimension x="32" y="32"/>
				</Size>
				<Scripts>
					<OnClick>
						this:GetParent():Hide();
					</OnClick>
				</Scripts>
				<Anchors>
					<Anchor point="TOPRIGHT" relativePoint="TOPRIGHT">
						<Offset>
							<AbsDimension x="-2" y="-2"/>
						</Offset>
					</Anchor>
				</Anchors>
				<HitRectInsets>
					<AbsInset left="6" right="6" top="6" bottom="6"/>
				</HitRectInsets>
				<NormalTexture file="Interface/BaseUI/BaseUI_HelpScreen/UI-Panel-MinimizeButton-Up.png"/>
				<PushedTexture file="Interface/BaseUI/BaseUI_HelpScreen/UI-Panel-MinimizeButton-Down.png"/>
				<HighlightTexture file="Interface/BaseUI/BaseUI_HelpScreen/UI-Panel-MinimizeButton-Highlight.png" alphaMode="ADD"/>
			</Button>
			<EditBox name="$parentPageBox" letters="255" multiLine="false">
				<Size>
					<AbsDimension x="64" y="32"/>
				</Size>
				<Anchors>
					<Anchor point="BOTTOMRIGHT" relativePoint="BOTTOMRIGHT">
						<Offset>
							<AbsDimension x="-10" y="10"/>
						</Offset>
					</Anchor>
				</Anchors>
				<Scripts>
					<OnLoad>
						this:SetText("0");
					</OnLoad>
					<OnEnterPressed>
						BUI_HelpPageBox_OnEnterPressed();
					</OnEnterPressed>
				</Scripts>
				<FontString font="Fonts/Calibri.ttf">
					<FontHeight>
						<AbsValue val="16"/>
					</FontHeight>
				</FontString>
				<TextInsets left="12" top="7" right="12" bottom="7" />
				<Backdrop edgeFile="Interface/BaseUI/BaseUI_ChatFrame/UI-ChatFrame-EditBox-Border.png" tile="false">
					<EdgeSize>
						<AbsValue val="16"/>
					</EdgeSize>
					<BackgroundInsets>
						<AbsInset left="7" right="7" top="7" bottom="7"/>
					</BackgroundInsets>
				</Backdrop>
				<Layers>
					<Layer>
						<FontString name="$parentLabel" font="Fonts/Calibri.ttf" justifyH="RIGHT" text="Page :">
							<Size>
								<AbsDimension x="32" y="16"/>
							</Size>
							<Anchors>
								<Anchor point="RIGHT" relativePoint="LEFT">
									<Offset>
										<AbsDimension x="0" y="0"/>
									</Offset>
								</Anchor>
							</Anchors>
							<FontHeight>
								<AbsValue val="13"/>
							</FontHeight>
							<Color r="1" g="0.8196079" b="0"/>
						</FontString>
					</Layer>
				</Layers>
			</EditBox>
		</Frames>
	</Frame>
</Ui>
