<?xml version="1.0" encoding="ISO-8859-1"?>
<Ui>
	<Script file="ToolTip.lua"/>
	<Frame name="GameTooltipScr" parent="UIParent">
		<Size>
			<AbsDimension x="1" y="1"/>
		</Size>
		<Scripts>
			<OnLoad>
				BUI_GameTooltip_OnLoad();
			</OnLoad>
			<OnUpdate>
				BUI_GameTooltip_OnUpdate();
			</OnUpdate>
		</Scripts>
	</Frame>
	<Frame name="GameTooltip" parent="UIParent" hidden="false">
		<Size>
            <AbsDimension x="250" y="150"/>
        </Size>
		<Anchors>
			<Anchor point="BOTTOMRIGHT" relativePoint="BOTTOMRIGHT">
				<Offset>
					<AbsDimension x="-4" y="126"/>
				</Offset>
			</Anchor>
		</Anchors>
		<Backdrop bgFile="Interface/BaseUI/BaseUI_ToolTip/ui_tooltip_bg.png" edgeFile="Interface/BaseUI/BaseUI_ToolTip/ui_tooltip_edge.png" tile="false">
			<EdgeSize>
				<AbsValue val="25"/>
			</EdgeSize>
			<BackgroundInsets>
				<AbsInset left="7" right="7" top="7" bottom="7"/>
			</BackgroundInsets>
		</Backdrop>
		<Layers>
			<Layer level="ARTWORK">
				<FontString name="$parentTextLeft1" justifyH="LEFT"/>
				<FontString name="$parentTextLeft2" justifyH="LEFT"/>
				<FontString name="$parentTextLeft3" justifyH="LEFT"/>
				<FontString name="$parentTextLeft4" justifyH="LEFT"/>
				<FontString name="$parentTextLeft5" justifyH="LEFT"/>
				
				<FontString name="$parentTextRight1" justifyH="RIGHT"/>
				<FontString name="$parentTextRight2" justifyH="RIGHT"/>
				<FontString name="$parentTextRight3" justifyH="RIGHT"/>
				<FontString name="$parentTextRight4" justifyH="RIGHT"/>
				<FontString name="$parentTextRight5" justifyH="RIGHT"/>
			</Layer>
		</Layers>
	</Frame>
</Ui>